{
  "ryans/storage/products/small/logitech-c270-webcam-11686572193.webp-244" : {
    "transaction" : "ryans/storage/products/small/logitech-c270-webcam-11686572193.webp-244",
    "sampleCount" : 100,
    "errorCount" : 29,
    "errorPct" : 29.0,
    "meanResTime" : 108.11999999999999,
    "medianResTime" : 45.5,
    "minResTime" : 28.0,
    "maxResTime" : 746.0,
    "pct1ResTime" : 240.9,
    "pct2ResTime" : 257.84999999999997,
    "pct3ResTime" : 741.5199999999977,
    "throughput" : 1.0122174648001379,
    "receivedKBytesPerSec" : 5.988758929655947,
    "sentKBytesPerSec" : 0.4260407493445892
  },
  "startech/gtag/js-180" : {
    "transaction" : "startech/gtag/js-180",
    "sampleCount" : 100,
    "errorCount" : 12,
    "errorPct" : 12.0,
    "meanResTime" : 520.2100000000002,
    "medianResTime" : 500.5,
    "minResTime" : 451.0,
    "maxResTime" : 1287.0,
    "pct1ResTime" : 566.9,
    "pct2ResTime" : 600.95,
    "pct3ResTime" : 1282.4999999999977,
    "throughput" : 1.0054091009631818,
    "receivedKBytesPerSec" : 123.06059137220747,
    "sentKBytesPerSec" : 0.38193763698699
  },
  "reddit/shreddit/en-US/post-d6ddae05.js-570" : {
    "transaction" : "reddit/shreddit/en-US/post-d6ddae05.js-570",
    "sampleCount" : 100,
    "errorCount" : 11,
    "errorPct" : 11.0,
    "meanResTime" : 186.39000000000007,
    "medianResTime" : 179.0,
    "minResTime" : 166.0,
    "maxResTime" : 547.0,
    "pct1ResTime" : 204.60000000000002,
    "pct2ResTime" : 219.74999999999994,
    "pct3ResTime" : 544.0199999999985,
    "throughput" : 0.5530636963459081,
    "receivedKBytesPerSec" : 0.8241945318592342,
    "sentKBytesPerSec" : 0.2284628355022648
  },
  "ryans/storage/products/small/revenger-lite-power-350w-non-modular-80-plus-11708857908.webp-246" : {
    "transaction" : "ryans/storage/products/small/revenger-lite-power-350w-non-modular-80-plus-11708857908.webp-246",
    "sampleCount" : 100,
    "errorCount" : 34,
    "errorPct" : 34.0,
    "meanResTime" : 46.52,
    "medianResTime" : 22.5,
    "minResTime" : 15.0,
    "maxResTime" : 299.0,
    "pct1ResTime" : 85.9,
    "pct2ResTime" : 112.19999999999982,
    "pct3ResTime" : 298.96999999999997,
    "throughput" : 1.015125367982946,
    "receivedKBytesPerSec" : 21.499373873845293,
    "sentKBytesPerSec" : 0.45105668206273475
  },
  "ryans/beacon.min.js/vcd15cbe7772f49c399c6a5babf22c1241717689176015-247" : {
    "transaction" : "ryans/beacon.min.js/vcd15cbe7772f49c399c6a5babf22c1241717689176015-247",
    "sampleCount" : 100,
    "errorCount" : 54,
    "errorPct" : 54.0,
    "meanResTime" : 884.3700000000003,
    "medianResTime" : 410.0,
    "minResTime" : 89.0,
    "maxResTime" : 11453.0,
    "pct1ResTime" : 1937.6,
    "pct2ResTime" : 2248.3999999999996,
    "pct3ResTime" : 11390.389999999967,
    "throughput" : 1.012002347845447,
    "receivedKBytesPerSec" : 7.246342006825956,
    "sentKBytesPerSec" : 0.41507908798348414
  },
  "startech/en_US/fbevents.js-181" : {
    "transaction" : "startech/en_US/fbevents.js-181",
    "sampleCount" : 100,
    "errorCount" : 0,
    "errorPct" : 0.0,
    "meanResTime" : 73.84,
    "medianResTime" : 71.5,
    "minResTime" : 60.0,
    "maxResTime" : 117.0,
    "pct1ResTime" : 89.80000000000001,
    "pct2ResTime" : 98.79999999999995,
    "pct3ResTime" : 116.94999999999997,
    "throughput" : 1.010672703751617,
    "receivedKBytesPerSec" : 64.5929018245169,
    "sentKBytesPerSec" : 0.3740673385955692
  },
  "ryans/storage/products/small/dahua-dh-hac-t1a21p-28mm-2mp-dome-cc-11706171450.webp-245" : {
    "transaction" : "ryans/storage/products/small/dahua-dh-hac-t1a21p-28mm-2mp-dome-cc-11706171450.webp-245",
    "sampleCount" : 100,
    "errorCount" : 29,
    "errorPct" : 29.0,
    "meanResTime" : 38.27999999999999,
    "medianResTime" : 19.0,
    "minResTime" : 14.0,
    "maxResTime" : 125.0,
    "pct1ResTime" : 80.9,
    "pct2ResTime" : 86.94999999999999,
    "pct3ResTime" : 124.67999999999984,
    "throughput" : 1.0145280415550686,
    "receivedKBytesPerSec" : 5.076177185420217,
    "sentKBytesPerSec" : 0.4428652681397614
  },
  "reddit/submit/firefox-desktop/newtab/1/276f9fa9-2b9a-4378-a19b-709f7efda6a6-566" : {
    "transaction" : "reddit/submit/firefox-desktop/newtab/1/276f9fa9-2b9a-4378-a19b-709f7efda6a6-566",
    "sampleCount" : 100,
    "errorCount" : 10,
    "errorPct" : 10.0,
    "meanResTime" : 270.0,
    "medianResTime" : 275.5,
    "minResTime" : 223.0,
    "maxResTime" : 310.0,
    "pct1ResTime" : 290.9,
    "pct2ResTime" : 294.0,
    "pct3ResTime" : 309.92999999999995,
    "throughput" : 0.5528068769175488,
    "receivedKBytesPerSec" : 0.4494309112330357,
    "sentKBytesPerSec" : 0.9447383150446391
  },
  "Total" : {
    "transaction" : "Total",
    "sampleCount" : 1378,
    "errorCount" : 231,
    "errorPct" : 16.763426,
    "meanResTime" : 5885.931785195939,
    "medianResTime" : 191.5,
    "minResTime" : 14.0,
    "maxResTime" : 115992.0,
    "pct1ResTime" : 20468.0,
    "pct2ResTime" : 39959.0,
    "pct3ResTime" : 77634.68000000004,
    "throughput" : 7.320792005567626,
    "receivedKBytesPerSec" : 226.9907522621805,
    "sentKBytesPerSec" : 4.4629960992078885
  },
  "reddit/-564-0" : {
    "transaction" : "reddit/-564-0",
    "sampleCount" : 89,
    "errorCount" : 0,
    "errorPct" : 0.0,
    "meanResTime" : 12764.606741573034,
    "medianResTime" : 187.0,
    "minResTime" : 169.0,
    "maxResTime" : 58117.0,
    "pct1ResTime" : 38770.0,
    "pct2ResTime" : 58045.0,
    "pct3ResTime" : 58117.0,
    "throughput" : 0.681955757162451,
    "receivedKBytesPerSec" : 1.063917129445164,
    "sentKBytesPerSec" : 0.2970236989203644
  },
  "reddit/-564" : {
    "transaction" : "reddit/-564",
    "sampleCount" : 100,
    "errorCount" : 29,
    "errorPct" : 29.0,
    "meanResTime" : 43365.379999999976,
    "medianResTime" : 39755.5,
    "minResTime" : 920.0,
    "maxResTime" : 115992.0,
    "pct1ResTime" : 78811.5,
    "pct2ResTime" : 97622.65,
    "pct3ResTime" : 115991.63,
    "throughput" : 0.5396683198506198,
    "receivedKBytesPerSec" : 44.7962809010707,
    "sentKBytesPerSec" : 0.428298486500197
  },
  "reddit/-564-1" : {
    "transaction" : "reddit/-564-1",
    "sampleCount" : 89,
    "errorCount" : 11,
    "errorPct" : 12.35955,
    "meanResTime" : 26423.640449438204,
    "medianResTime" : 20492.0,
    "minResTime" : 743.0,
    "maxResTime" : 77229.0,
    "pct1ResTime" : 77157.0,
    "pct2ResTime" : 77195.5,
    "pct3ResTime" : 77229.0,
    "throughput" : 0.4882276786693876,
    "receivedKBytesPerSec" : 44.57818812845599,
    "sentKBytesPerSec" : 0.22271744988809164
  },
  "startech/-183" : {
    "transaction" : "startech/-183",
    "sampleCount" : 100,
    "errorCount" : 0,
    "errorPct" : 0.0,
    "meanResTime" : 168.13000000000002,
    "medianResTime" : 140.5,
    "minResTime" : 101.0,
    "maxResTime" : 362.0,
    "pct1ResTime" : 256.9,
    "pct2ResTime" : 280.1999999999998,
    "pct3ResTime" : 361.4099999999997,
    "throughput" : 1.0110098977868993,
    "receivedKBytesPerSec" : 32.83114444424786,
    "sentKBytesPerSec" : 0.445278773341691
  },
  "reddit/submit/activity-stream/sessions/1/27ad386e-683d-455d-a7e0-223a2a8dac7c-565" : {
    "transaction" : "reddit/submit/activity-stream/sessions/1/27ad386e-683d-455d-a7e0-223a2a8dac7c-565",
    "sampleCount" : 100,
    "errorCount" : 11,
    "errorPct" : 11.0,
    "meanResTime" : 393.2800000000002,
    "medianResTime" : 385.5,
    "minResTime" : 341.0,
    "maxResTime" : 775.0,
    "pct1ResTime" : 416.0,
    "pct2ResTime" : 440.69999999999993,
    "pct3ResTime" : 774.7899999999998,
    "throughput" : 0.5523671695049133,
    "receivedKBytesPerSec" : 0.4444667740790659,
    "sentKBytesPerSec" : 0.7136540676318363
  },