{
  "ryans/storage/products/small/logitech-c270-webcam-11686572193.webp-244" : {
    "transaction" : "ryans/storage/products/small/logitech-c270-webcam-11686572193.webp-244",
    "sampleCount" : 50,
    "errorCount" : 18,
    "errorPct" : 36.0,
    "meanResTime" : 122.48,
    "medianResTime" : 52.0,
    "minResTime" : 27.0,
    "maxResTime" : 564.0,
    "pct1ResTime" : 244.89999999999998,
    "pct2ResTime" : 356.2499999999991,
    "pct3ResTime" : 564.0,
    "throughput" : 0.5114618602890783,
    "receivedKBytesPerSec" : 3.026036125829847,
    "sentKBytesPerSec" : 0.21527349783651634
  },
  "startech/gtag/js-180" : {
    "transaction" : "startech/gtag/js-180",
    "sampleCount" : 50,
    "errorCount" : 9,
    "errorPct" : 18.0,
    "meanResTime" : 515.28,
    "medianResTime" : 486.5,
    "minResTime" : 446.0,
    "maxResTime" : 851.0,
    "pct1ResTime" : 593.3,
    "pct2ResTime" : 721.3999999999996,
    "pct3ResTime" : 851.0,
    "throughput" : 0.5077379259921199,
    "receivedKBytesPerSec" : 62.3061869135627,
    "sentKBytesPerSec" : 0.19288091133880336
  },
  "reddit/shreddit/en-US/post-d6ddae05.js-570" : {
    "transaction" : "reddit/shreddit/en-US/post-d6ddae05.js-570",
    "sampleCount" : 50,
    "errorCount" : 7,
    "errorPct" : 14.0,
    "meanResTime" : 181.84,
    "medianResTime" : 177.5,
    "minResTime" : 167.0,
    "maxResTime" : 218.0,
    "pct1ResTime" : 206.0,
    "pct2ResTime" : 208.79999999999998,
    "pct3ResTime" : 218.0,
    "throughput" : 0.35985461873403146,
    "receivedKBytesPerSec" : 0.5362677228399727,
    "sentKBytesPerSec" : 0.14865088254345246
  },
  "ryans/storage/products/small/revenger-lite-power-350w-non-modular-80-plus-11708857908.webp-246" : {
    "transaction" : "ryans/storage/products/small/revenger-lite-power-350w-non-modular-80-plus-11708857908.webp-246",
    "sampleCount" : 50,
    "errorCount" : 19,
    "errorPct" : 38.0,
    "meanResTime" : 41.82,
    "medianResTime" : 23.0,
    "minResTime" : 15.0,
    "maxResTime" : 93.0,
    "pct1ResTime" : 82.69999999999999,
    "pct2ResTime" : 87.79999999999998,
    "pct3ResTime" : 93.0,
    "throughput" : 0.5109600940166573,
    "receivedKBytesPerSec" : 10.8222445678555,
    "sentKBytesPerSec" : 0.22703793239997955
  },
  "ryans/beacon.min.js/vcd15cbe7772f49c399c6a5babf22c1241717689176015-247" : {
    "transaction" : "ryans/beacon.min.js/vcd15cbe7772f49c399c6a5babf22c1241717689176015-247",
    "sampleCount" : 50,
    "errorCount" : 14,
    "errorPct" : 28.0,
    "meanResTime" : 542.9000000000001,
    "medianResTime" : 161.5,
    "minResTime" : 89.0,
    "maxResTime" : 6254.0,
    "pct1ResTime" : 1120.6,
    "pct2ResTime" : 2423.0999999999995,
    "pct3ResTime" : 6254.0,
    "throughput" : 0.5104488887527693,
    "receivedKBytesPerSec" : 3.6557910745459554,
    "sentKBytesPerSec" : 0.209363802027503
  },
  "startech/en_US/fbevents.js-181" : {
    "transaction" : "startech/en_US/fbevents.js-181",
    "sampleCount" : 50,
    "errorCount" : 0,
    "errorPct" : 0.0,
    "meanResTime" : 74.44000000000001,
    "medianResTime" : 73.0,
    "minResTime" : 64.0,
    "maxResTime" : 114.0,
    "pct1ResTime" : 84.69999999999999,
    "pct2ResTime" : 99.14999999999998,
    "pct3ResTime" : 114.0,
    "throughput" : 0.5101364104761613,
    "receivedKBytesPerSec" : 32.60259879429259,
    "sentKBytesPerSec" : 0.18881025348678235
  },
  "ryans/storage/products/small/dahua-dh-hac-t1a21p-28mm-2mp-dome-cc-11706171450.webp-245" : {
    "transaction" : "ryans/storage/products/small/dahua-dh-hac-t1a21p-28mm-2mp-dome-cc-11706171450.webp-245",
    "sampleCount" : 50,
    "errorCount" : 17,
    "errorPct" : 34.0,
    "meanResTime" : 40.720000000000006,
    "medianResTime" : 20.5,
    "minResTime" : 13.0,
    "maxResTime" : 111.0,
    "pct1ResTime" : 84.69999999999999,
    "pct2ResTime" : 89.0,
    "pct3ResTime" : 111.0,
    "throughput" : 0.5109966478619901,
    "receivedKBytesPerSec" : 2.5567896923033686,
    "sentKBytesPerSec" : 0.22306201327569292
  },
  "reddit/submit/firefox-desktop/newtab/1/276f9fa9-2b9a-4378-a19b-709f7efda6a6-566" : {
    "transaction" : "reddit/submit/firefox-desktop/newtab/1/276f9fa9-2b9a-4378-a19b-709f7efda6a6-566",
    "sampleCount" : 50,
    "errorCount" : 6,
    "errorPct" : 12.0,
    "meanResTime" : 267.68,
    "medianResTime" : 272.0,
    "minResTime" : 219.0,
    "maxResTime" : 302.0,
    "pct1ResTime" : 292.0,
    "pct2ResTime" : 299.25,
    "pct3ResTime" : 302.0,
    "throughput" : 0.3596320245125188,
    "receivedKBytesPerSec" : 0.2910771698398199,
    "sentKBytesPerSec" : 0.6146055106415116
  },
  "Total" : {
    "transaction" : "Total",
    "sampleCount" : 698,
    "errorCount" : 105,
    "errorPct" : 15.04298,
    "meanResTime" : 5956.525787965615,
    "medianResTime" : 200.0,
    "minResTime" : 13.0,
    "maxResTime" : 96631.0,
    "pct1ResTime" : 20629.3,
    "pct2ResTime" : 39982.65,
    "pct3ResTime" : 77169.04,
    "throughput" : 4.348151101365493,
    "receivedKBytesPerSec" : 141.90749262784374,
    "sentKBytesPerSec" : 2.6864107235186387
  },
  "reddit/-564-0" : {
    "transaction" : "reddit/-564-0",
    "sampleCount" : 49,
    "errorCount" : 0,
    "errorPct" : 0.0,
    "meanResTime" : 15184.673469387759,
    "medianResTime" : 19451.0,
    "minResTime" : 167.0,
    "maxResTime" : 60092.0,
    "pct1ResTime" : 38781.0,
    "pct2ResTime" : 48428.0,
    "pct3ResTime" : 60092.0,
    "throughput" : 0.358187134502924,
    "receivedKBytesPerSec" : 0.5588036252741228,
    "sentKBytesPerSec" : 0.1560072870979532
  },
  "reddit/-564" : {
    "transaction" : "reddit/-564",
    "sampleCount" : 50,
    "errorCount" : 6,
    "errorPct" : 12.0,
    "meanResTime" : 41072.279999999984,
    "medianResTime" : 39942.0,
    "minResTime" : 1030.0,
    "maxResTime" : 96631.0,
    "pct1ResTime" : 77317.5,
    "pct2ResTime" : 87602.79999999993,
    "pct3ResTime" : 96631.0,
    "throughput" : 0.31857888331729817,
    "receivedKBytesPerSec" : 30.86033820334253,
    "sentKBytesPerSec" : 0.28853789017948733
  },
  "reddit/-564-1" : {
    "transaction" : "reddit/-564-1",
    "sampleCount" : 49,
    "errorCount" : 3,
    "errorPct" : 6.122449,
    "meanResTime" : 25150.36734693878,
    "medianResTime" : 20468.0,
    "minResTime" : 848.0,
    "maxResTime" : 77173.0,
    "pct1ResTime" : 59744.0,
    "pct2ResTime" : 77153.0,
    "pct3ResTime" : 77173.0,
    "throughput" : 0.31262959772865023,
    "receivedKBytesPerSec" : 30.393695469263402,
    "sentKBytesPerSec" : 0.15276332264650525
  },
  "startech/-183" : {
    "transaction" : "startech/-183",
    "sampleCount" : 50,
    "errorCount" : 1,
    "errorPct" : 2.0,
    "meanResTime" : 196.54,
    "medianResTime" : 154.5,
    "minResTime" : 108.0,
    "maxResTime" : 1237.0,
    "pct1ResTime" : 249.9,
    "pct2ResTime" : 276.54999999999984,
    "pct3ResTime" : 1237.0,
    "throughput" : 0.5107252298263535,
    "receivedKBytesPerSec" : 16.587717058222676,
    "sentKBytesPerSec" : 0.2249385533707865
  },
  "reddit/submit/activity-stream/sessions/1/27ad386e-683d-455d-a7e0-223a2a8dac7c-565" : {
    "transaction" : "reddit/submit/activity-stream/sessions/1/27ad386e-683d-455d-a7e0-223a2a8dac7c-565",
    "sampleCount" : 50,
    "errorCount" : 3,
    "errorPct" : 6.0,
    "meanResTime" : 388.47999999999996,
    "medianResTime" : 384.5,
    "minResTime" : 342.0,
    "maxResTime" : 737.0,
    "pct1ResTime" : 413.8,
    "pct2ResTime" : 421.59999999999997,
    "pct3ResTime" : 737.0,
    "throughput" : 0.3595725401642527,
    "receivedKBytesPerSec" : 0.28949100933809885,
    "sentKBytesPerSec" : 0.4645649127317445
  },
  "startech/update/3/SystemAddons/106.0.1/20221019185550/WINNT_x86_64-msvc-x64/en-US/release/Windows_NT%2010.0.0.0.26100.2605%20(x64)/default/default/update.xml-182" : {
    "transaction" : "startech/update/3/SystemAddons/106.0.1/20221019185550/WINNT_x86_64-msvc-x64/en-US/release/Windows_NT%2010.0.0.0.26100.2605%20(x64)/default/default/update.xml-182",
    "sampleCount" : 50,
    "errorCount" : 2,
    "errorPct" : 4.0,